Ins_id,Ins_Fname,Ins_Lname,Ins_Address,Ins_Age,Ins_Password,Ins_email,dept_id
,Gaber,Islam,Alexandria,29,822,GaberIslam2169@gmail.com,1
,Mwada,Raffat,Al Minya,41,359,MwadaRaffat2088@gmail.com,2
,Ahmed,Fathy,Suez,27,886,AhmedFathy2122@gmail.com,3
,Moaz,Mostafa,Suez,30,318,MoazMostafa1992@gmail.com,4
,Mohamed,Ehab,Cairo,46,304,MohamedEhab2221@gmail.com,5
,Fathy,Gaber,Ismailia,35,700,FathyGaber1931@gmail.com,1
,Nermeen,Hisham,Alexandria,36,532,NermeenHisham2170@gmail.com,2
,Mostafa,Khalid,Qena,44,76,MostafaKhalid2052@gmail.com,3
,Ali,Mostafa,Tanta,48,667,AliMostafa2140@gmail.com,4
,Nermeen,Habib,Al Fayoum,31,50,NermeenHabib2247@gmail.com,5
,Mohamed,Salah,Asyut,38,333,MohamedSalah2044@gmail.com,1
,Mwada,Moaz,Tanta,28,258,MwadaMoaz2124@gmail.com,2
,Ali,Ali,Giza,49,395,AliAli1972@gmail.com,3
,Hisham,Hisham,Tanta,40,660,HishamHisham2241@gmail.com,4
,Ali,Mohamed,Sohag,39,844,AliMohamed1925@gmail.com,5
,Islam,Gaber,Sohag,47,812,IslamGaber2281@gmail.com,1
,Fathy,Ehab,Al Fayoum,42,108,FathyEhab2072@gmail.com,2
,Salah,Moaz,Giza,43,561,SalahMoaz2142@gmail.com,3
,Mwada,Ehab,Sohag,45,433,MwadaEhab1992@gmail.com,4
,Sondos,Eslam,Tanta,34,226,SondosEslam2113@gmail.com,5
